{"locs":8518,"locs_cov":8080,"locs_no_cov":438,"locs_cov_2G":8080,"locs_no_cov_2G":438,"locs_cov_orange":7487,"locs_cov_2G_orange":7477,"locs_cov_mtn":6768,"locs_cov_2G_mtn":6768,"locs_cov_moov":5352,"locs_cov_2G_moov":5351,"locs_cov_3G":7971,"locs_no_cov_3G":547,"locs_cov_3G_orange":7477,"locs_cov_3G_mtn":6709,"locs_cov_3G_moov":1516,"locs_cov_4G":5611,"locs_no_cov_4G":2907,"locs_cov_4G_orange":5550,"locs_cov_4G_mtn":940,"locs_cov_4G_moov":743,"locs_cov_data":8080,"locs_cov_data_orange":0,"locs_cov_data_mtn":0,"locs_cov_data_moov":0,"locs_cov_phone":8080,"locs_cov_phone_orange":0,"locs_cov_phone_mtn":0,"locs_cov_phone_moov":0,"pop":22671331,"pop_cov":22384471,"pop_no_cov":286860,"pop_cov_2G":22384471,"pop_no_cov_2G":0,"pop_cov_orange":21835368,"pop_cov_2G_orange":21827339,"pop_cov_mtn":21108100,"pop_cov_2G_mtn":21108100,"pop_cov_moov":19519958,"pop_cov_2G_moov":19516507,"pop_cov_3G":22278666,"pop_no_cov_3G":105805,"pop_cov_3G_orange":21827339,"pop_cov_3G_mtn":21012892,"pop_cov_3G_moov":14199717,"pop_cov_4G":20855021,"pop_no_cov_4G":1529450,"pop_cov_4G_orange":20735155,"pop_cov_4G_mtn":13182922,"pop_cov_4G_moov":12115205,"pop_cov_data":22384471,"pop_covdata_orange":0,"pop_covdata_mtn":0,"pop_covdata_moov":0,"pop_cov_phone":22384471,"pop_cov_phone__orange":0,"pop_cov_phone__mtn":0,"pop_cov_phone__moov":0,"per_locs_cov":94.85794787508804,"per_locs_no_cov":5.142052124911956,"per_cov_2G":94.85794787508804,"per_cov_orange":7487,"per_locs_cov_2G_orange":87.77882131955859,"per_cov_mtn":6768,"per_locs_cov_2G_mtn":79.45527119042029,"per_cov_moov":5352,"per_locs_cov_2G_moov":62.81991077717774,"per_cov_3G":93.57830476637709,"per_locs_cov_3G_orange":87.77882131955859,"per_locs_cov_3G_mtn":78.7626203334116,"per_locs_cov_3G_moov":17.797605071613056,"per_cov_4G":65.87227048602958,"per_locs_cov_4G_orange":65.1561399389528,"per_locs_cov_4G_mtn":11.035454332002818,"per_locs_cov_4G_moov":8.722704860295844,"per_cov_data":94.85794787508804,"per_cov_data_orange":0,"per_cov_data_mtn":0,"per_cov_data_moov":0,"per_locs_cov_phone":94.85794787508804,"per_cov_phone_orange":0,"per_cov_phone_mtn":0,"per_cov_phone_moov":0,"per_pop_cov":98.73470154884157,"per_pop_no_cov":1.2652984511584293,"per_pop_cov_2G":98.73470154884157,"per_pop_cov_orange":21835368,"per_pop_cov_2G_orange":96.27727194314264,"per_pop_cov_mtn":21108100,"per_pop_cov_2G_mtn":93.10481153488519,"per_pop_cov_moov":19519958,"per_pop_cov_2G_moov":86.08452234233623,"per_pop_cov_3G":98.26801081947946,"per_pop_cov_3G_orange":96.27727194314264,"per_pop_cov_3G_mtn":92.68486265760048,"per_pop_cov_3G_moov":62.63292172832729,"per_pop_cov_4G":91.98851624547319,"per_pop_cov_4G_orange":91.45980445523908,"per_pop_cov_4G_mtn":58.147984341986806,"per_pop_cov_4G_moov":53.438437293337564,"per_pop_cov_data":98.73470154884157,"per_pop_cov_phone":98.73470154884157}