{
    "locs": 8518,
    "locs_cov": 7961,
    "locs_no_cov": 557,
    "locs_cov_2G": 7961,
    "locs_cov_orange": 7315,
    "locs_cov_2G_orange": 7306,
    "locs_cov_mtn": 6767,
    "locs_cov_2G_mtn": 6767,
    "locs_cov_moov": 5355,
    "locs_cov_2G_moov": 5355,
    "locs_cov_3G": 7833,
    "locs_cov_3G_orange": 7293,
    "locs_cov_3G_mtn": 6708,
    "locs_cov_3G_moov": 1509,
    "locs_cov_4G": 5463,
    "locs_cov_4G_orange": 5399,
    "locs_cov_4G_mtn": 906,
    "locs_cov_4G_moov": 762,
    "locs_cov_data": 7961,
    "locs_cov_data_orange": 0,
    "locs_cov_data_mtn": 0,
    "locs_cov_data_moov": 0,
    "locs_cov_phone": 7961,
    "locs_cov_phone_orange": 0,
    "locs_cov_phone_mtn": 0,
    "locs_cov_phone_moov": 0,
    "pop": 22671331,
    "pop_cov": 22230239,
    "pop_no_cov": 441092,
    "pop_cov_2G": 22230239,
    "pop_cov_orange": 21589357,
    "pop_cov_2G_orange": 21581925,
    "pop_cov_mtn": 21104701,
    "pop_cov_2G_mtn": 21104701,
    "pop_cov_moov": 19435430,
    "pop_cov_2G_moov": 19435430,
    "pop_cov_3G": 22097735,
    "pop_cov_3G_orange": 21572219,
    "pop_cov_3G_mtn": 21009493,
    "pop_cov_3G_moov": 14104882,
    "pop_cov_4G": 20681366,
    "pop_cov_4G_orange": 20561017,
    "pop_cov_4G_mtn": 13073824,
    "pop_cov_4G_moov": 12104969,
    "pop_cov_data": 0,
    "pop_covdata_orange": 0,
    "pop_covdata_mtn": 0,
    "pop_covdata_moov": 0,
    "pop_cov_phone": 0,
    "pop_cov_phone__orange": 0,
    "pop_cov_phone__mtn": 0,
    "pop_cov_phone__moov": 0,
    "per_locs_cov": 93.46090631603663,
    "per_locs_no_cov": 6.539093683963372,
    "per_cov_2G": 93.46090631603663,
    "per_cov_orange": 7315,
    "per_locs_cov_2G_orange": 85.77130781873679,
    "per_cov_mtn": 6767,
    "per_locs_cov_2G_mtn": 79.44353134538625,
    "per_cov_moov": 5355,
    "per_locs_cov_2G_moov": 62.866870157313926,
    "per_cov_3G": 91.9582061516788,
    "per_locs_cov_3G_orange": 85.6186898332942,
    "per_locs_cov_3G_mtn": 78.75088048837755,
    "per_locs_cov_3G_moov": 17.715426156374736,
    "per_cov_4G": 64.13477342099084,
    "per_locs_cov_4G_orange": 63.38342333881193,
    "per_locs_cov_4G_mtn": 10.63629960084527,
    "per_locs_cov_4G_moov": 8.94576191594271,
    "per_cov_data": 93.46090631603663,
    "per_cov_data_orange": 0,
    "per_cov_data_mtn": 0,
    "per_cov_data_moov": 0,
    "per_locs_cov_phone": 93.46090631603663,
    "per_cov_phone_orange": 0,
    "per_cov_phone_mtn": 0,
    "per_cov_phone_moov": 0,
    "per_pop_cov": 98.05440624549128,
    "per_pop_no_cov": 1.945593754508721,
    "per_pop_cov_2G": 98.05440624549128,
    "per_pop_cov_orange": 21589357,
    "per_pop_cov_2G_orange": 95.19478587296,
    "per_pop_cov_mtn": 21104701,
    "per_pop_cov_2G_mtn": 93.08981903179836,
    "per_pop_cov_moov": 19435430,
    "per_pop_cov_2G_moov": 85.72690328591648,
    "per_pop_cov_3G": 97.4699500439564,
    "per_pop_cov_3G_orange": 95.15197409450728,
    "per_pop_cov_3G_mtn": 92.66987015451365,
    "per_pop_cov_3G_moov": 62.21461810071936,
    "per_pop_cov_4G": 91.22254886579002,
    "per_pop_cov_4G_orange": 90.69170663160448,
    "per_pop_cov_4G_mtn": 57.66676866038434,
    "per_pop_cov_4G_moov": 53.39328776065243,
    "per_pop_cov_data": 0,
    "per_pop_cov_phone": 0
}